camera,source_frame,receive_time_s,region,mask_pixels,laplacian_variance,mean_gradient_energy,intensity_std
c920,15,0.531925454,ball_roi,551145,809.3573608398438,2835.661376953125,66.16239166259766
c920,15,0.531925454,red,42667,3507.409912109375,13337.6787109375,47.72732162475586
c920,15,0.531925454,green,19011,2161.970458984375,11297.0927734375,39.772865295410156
c920,23,0.799915511,ball_roi,551145,816.79833984375,2835.243408203125,66.16055297851562
c920,23,0.799915511,red,42543,3417.810302734375,12773.072265625,47.630653381347656
c920,23,0.799915511,green,18935,2172.08154296875,11273.6123046875,39.729515075683594
c920,28,0.995955276,ball_roi,551145,816.3062744140625,2841.9072265625,66.13683319091797
c920,28,0.995955276,red,42117,3267.346435546875,12647.67578125,46.92291259765625
c920,28,0.995955276,green,19051,2088.026123046875,11195.201171875,39.710411071777344
c920,31,1.09597496,ball_roi,551145,790.809326171875,2801.1796875,66.1631851196289
c920,31,1.09597496,red,42754,3232.68212890625,12703.8291015625,47.376373291015625
c920,31,1.09597496,green,18942,2080.00927734375,11078.830078125,39.878170013427734
c920,39,1.427971009,ball_roi,551145,807.4913940429688,2828.809814453125,66.094482421875
c920,39,1.427971009,red,43172,3381.006103515625,13054.6259765625,47.809879302978516
c920,39,1.427971009,green,18965,2137.467041015625,11229.3193359375,39.73255920410156
c920,47,1.696013917,ball_roi,551145,792.7054443359375,2811.34765625,66.10221862792969
c920,47,1.696013917,red,43424,3356.072509765625,13267.1396484375,48.03789138793945
c920,47,1.696013917,green,18888,2118.5966796875,11141.2314453125,39.60438919067383
c920,55,1.996355951,ball_roi,551145,822.5775146484375,2847.5595703125,66.12049865722656
c920,55,1.996355951,red,43080,3576.793212890625,13314.2451171875,47.77680206298828
c920,55,1.996355951,green,18960,2118.64404296875,11235.640625,39.8496208190918
c920,63,2.292662751,ball_roi,551145,821.8782958984375,2837.468505859375,66.09735107421875
c920,63,2.292662751,red,41878,3348.58056640625,12846.60546875,47.15867614746094
c920,63,2.292662751,green,18945,2045.958251953125,11025.1328125,39.764041900634766
c920,320,11.004899718999999,ball_roi,551145,88.89111328125,973.80322265625,70.40567016601562
c920,320,11.004899718999999,red,39107,187.82769775390625,3523.9931640625,40.47746658325195
c920,320,11.004899718999999,green,24715,123.67456817626953,2033.501220703125,28.0413875579834
c920,321,11.036453419999999,ball_roi,551145,115.5775375366211,1118.6021728515625,70.75397491455078
c920,321,11.036453419999999,red,40211,290.3634948730469,4310.484375,42.63319778442383
c920,321,11.036453419999999,green,26275,155.41639709472656,2462.799072265625,30.382854461669922
c920,322,11.068495675,ball_roi,551145,115.9109115600586,976.4706420898438,70.75836944580078
c920,322,11.068495675,red,37199,298.7123718261719,3480.0341796875,40.30707550048828
c920,322,11.068495675,green,21869,99.07463836669922,2106.924072265625,29.234779357910156
c920,323,11.100541949,ball_roi,551145,111.3262939453125,941.5059204101562,71.1078109741211
c920,323,11.100541949,red,35329,148.64739990234375,2762.0693359375,39.01849365234375
c920,323,11.100541949,green,19580,96.66409301757812,2109.469970703125,29.409780502319336
c920,324,11.136441807999999,ball_roi,551145,82.6549301147461,942.3640747070312,71.7703857421875
c920,324,11.136441807999999,red,41410,193.62632751464844,3629.543701171875,43.17293167114258
c920,324,11.136441807999999,green,17465,82.54336547851562,1790.9627685546875,28.92233657836914
c920,325,11.168462637,ball_roi,551145,154.6329345703125,1193.821044921875,72.0478286743164
c920,325,11.168462637,red,40472,191.0223846435547,3373.992919921875,41.655521392822266
c920,325,11.168462637,green,15933,85.46009826660156,1642.1661376953125,27.38741111755371
c920,326,11.200527818,ball_roi,551145,198.49221801757812,1251.7261962890625,71.40938568115234
c920,326,11.200527818,red,41283,158.98805236816406,3088.158447265625,43.02216720581055
c920,326,11.200527818,green,14703,96.77947998046875,1639.48486328125,26.56658363342285
c920,327,11.236454918,ball_roi,551145,261.5406494140625,1397.890380859375,71.16535186767578
c920,327,11.236454918,red,41516,402.08367919921875,4165.4736328125,44.10628890991211
c920,327,11.236454918,green,15419,136.96536254882812,2088.484130859375,27.125411987304688
c920,328,11.268481062,ball_roi,551145,309.724609375,1503.9234619140625,70.37118530273438
c920,328,11.268481062,red,44245,567.20947265625,4621.70751953125,45.54286575317383
c920,328,11.268481062,green,13015,101.3277587890625,1842.3121337890625,28.42898178100586
c920,329,11.300503743,ball_roi,551145,221.65194702148438,1262.406982421875,69.16635131835938
c920,329,11.300503743,red,41700,381.3360900878906,3814.7138671875,44.118019104003906
c920,329,11.300503743,green,11120,89.95108032226562,1617.569091796875,28.313472747802734
c920,330,11.336467306,ball_roi,551145,137.65330505371094,991.8909912109375,68.001220703125
c920,330,11.336467306,red,42448,370.2884521484375,3676.26806640625,44.49297332763672
c920,330,11.336467306,green,10749,115.56957244873047,1779.04052734375,26.489376068115234
c920,331,11.368478172,ball_roi,551145,123.69670867919922,1022.4581298828125,68.134033203125
c920,331,11.368478172,red,41337,444.4863586425781,4564.92529296875,45.57573699951172
c920,331,11.368478172,green,14971,112.21356201171875,2108.435791015625,28.548837661743164
c920,332,11.400568464,ball_roi,551145,96.72714233398438,949.3279418945312,67.26747131347656
c920,332,11.400568464,red,40785,307.127197265625,4137.890625,46.68113327026367
c920,332,11.400568464,green,17214,108.322509765625,2226.830810546875,29.248031616210938
c920,333,11.46849906,ball_roi,551145,156.15138244628906,1137.6055908203125,66.31802368164062
c920,333,11.46849906,red,39851,432.22137451171875,4285.00146484375,44.3931999206543
c920,333,11.46849906,green,14355,127.6073226928711,2094.822998046875,28.652267456054688
c920,334,11.500541741,ball_roi,551145,225.49876403808594,1304.1014404296875,66.45384979248047
c920,334,11.500541741,red,35017,791.7730102539062,5084.470703125,41.53767776489258
c920,334,11.500541741,green,17341,200.7312469482422,2716.876708984375,30.87630844116211
c920,335,11.536494488999999,ball_roi,551145,259.35443115234375,1488.5224609375,66.98845672607422
c920,335,11.536494488999999,red,34928,730.8546142578125,5187.419921875,41.954750061035156
c920,335,11.536494488999999,green,20507,197.97946166992188,2696.096923828125,31.973670959472656
c920,336,11.569146169,ball_roi,551145,404.3554992675781,1741.240478515625,67.15625762939453
c920,336,11.569146169,red,35186,1010.4237060546875,6262.22119140625,44.282066345214844
c920,336,11.569146169,green,22088,255.96226501464844,3158.01513671875,33.269134521484375
c920,337,11.601725089999999,ball_roi,551145,448.5037841796875,1787.47509765625,67.15370178222656
c920,337,11.601725089999999,red,35443,1390.41650390625,7333.52001953125,45.65007781982422
c920,337,11.601725089999999,green,22242,189.63153076171875,2976.814208984375,32.77573776245117
c920,541,18.713043575,ball_roi,551145,196.9910888671875,1297.63671875,63.61381912231445
c920,541,18.713043575,red,35405,413.0780944824219,4670.36376953125,40.694847106933594
c920,541,18.713043575,green,29119,461.46331787109375,4152.32177734375,30.53498077392578
c920,542,18.748817398,ball_roi,551145,299.99627685546875,1534.080810546875,63.58653259277344
c920,542,18.748817398,red,35452,656.2337646484375,4948.81884765625,39.28937911987305
c920,542,18.748817398,green,27378,478.0615234375,4246.01171875,28.8585262298584
c920,543,18.780833023,ball_roi,551145,336.1532287597656,1571.9239501953125,63.839073181152344
c920,543,18.780833023,red,34765,756.0847778320312,5278.88916015625,39.378387451171875
c920,543,18.780833023,green,27365,360.91375732421875,3415.805908203125,26.933181762695312
c920,544,18.816806808,ball_roi,551145,360.677490234375,1596.7034912109375,64.1167984008789
c920,544,18.816806808,red,32443,549.8355712890625,4659.44580078125,37.83982849121094
c920,544,18.816806808,green,25892,419.2024841308594,3736.28125,27.71982765197754
c920,545,18.848814619,ball_roi,551145,296.3111267089844,1540.7025146484375,64.16068267822266
c920,545,18.848814619,red,31987,541.4629516601562,4423.31591796875,36.128849029541016
c920,545,18.848814619,green,26414,673.5874633789062,4931.017578125,29.62228775024414
c920,546,18.880859689,ball_roi,551145,226.12835693359375,1285.2724609375,64.17544555664062
c920,546,18.880859689,red,32017,535.7396850585938,4687.56494140625,36.30596923828125
c920,546,18.880859689,green,24517,500.1388854980469,3779.62841796875,27.843852996826172
c920,547,18.916873825,ball_roi,551145,140.69581604003906,1092.8475341796875,64.4913101196289
c920,547,18.916873825,red,34392,272.73016357421875,3483.490478515625,34.11930847167969
c920,547,18.916873825,green,27610,532.1865844726562,4368.11279296875,28.35484504699707
c920,548,18.948847599,ball_roi,551145,134.0460662841797,1050.7215576171875,64.82323455810547
c920,548,18.948847599,red,27186,317.8559875488281,3687.747802734375,33.946311950683594
c920,548,18.948847599,green,25901,349.7298583984375,3455.74462890625,27.188682556152344
c920,549,18.981535927,ball_roi,551145,103.61681365966797,1018.793701171875,65.1182861328125
c920,549,18.981535927,red,30978,330.193115234375,4061.645751953125,34.51839065551758
c920,549,18.981535927,green,27880,225.35719299316406,3254.97705078125,28.609983444213867
c920,550,19.01688025,ball_roi,551145,140.8482666015625,1102.62451171875,65.04380798339844
c920,550,19.01688025,red,27592,370.3022155761719,3488.302001953125,31.899646759033203
c920,550,19.01688025,green,29876,384.1646728515625,3978.21826171875,29.45758819580078
c920,551,19.048824117,ball_roi,551145,135.89109802246094,1078.8631591796875,64.85604095458984
c920,551,19.048824117,red,26328,275.31597900390625,2504.5830078125,27.673505783081055
c920,551,19.048824117,green,29987,442.9792785644531,4270.68505859375,30.043882369995117
c920,552,19.080876909,ball_roi,551145,112.83214569091797,980.5130615234375,64.7637939453125
c920,552,19.080876909,red,26110,257.4276123046875,2354.453857421875,26.34479331970215
c920,552,19.080876909,green,29519,362.9388427734375,3840.594970703125,29.063587188720703
c920,553,19.112934905,ball_roi,551145,107.36964416503906,947.1627807617188,64.59166717529297
c920,553,19.112934905,red,28390,188.8799591064453,1823.0960693359375,24.667306900024414
c920,553,19.112934905,green,29172,276.71929931640625,3549.696533203125,28.449018478393555
c920,554,19.148828505,ball_roi,551145,77.88372039794922,825.4444580078125,64.2484130859375
c920,554,19.148828505,red,27406,173.13412475585938,1842.4205322265625,24.253215789794922
c920,554,19.148828505,green,27867,193.30422973632812,2999.647216796875,27.044137954711914
c920,555,19.180825742,ball_roi,551145,85.55056762695312,826.677001953125,63.967201232910156
c920,555,19.180825742,red,23183,256.57421875,2213.828125,23.75812339782715
c920,555,19.180825742,green,27711,198.19168090820312,2917.36328125,27.33837890625
c920,556,19.212887145,ball_roi,551145,59.09300994873047,740.0225219726562,63.96434020996094
c920,556,19.212887145,red,22421,185.3170623779297,2169.458740234375,24.852954864501953
c920,556,19.212887145,green,27677,179.26490783691406,2779.671875,27.11747932434082
c920,557,19.245202177,ball_roi,551145,70.6307144165039,751.0813598632812,63.45998001098633
c920,557,19.245202177,red,16612,305.4610290527344,2563.333984375,25.200206756591797
c920,557,19.245202177,green,27411,205.2856903076172,2911.274169921875,27.057132720947266
c920,558,19.281387832,ball_roi,551145,99.74009704589844,938.8721923828125,63.73786544799805
c920,558,19.281387832,red,15760,250.99696350097656,2247.873046875,22.70996856689453
c920,558,19.281387832,green,29297,298.8825378417969,3761.247314453125,29.08441734313965
c920,559,19.312925681,ball_roi,551145,100.79712677001953,906.0925903320312,63.75537872314453
c920,559,19.312925681,red,17401,201.901123046875,2048.4248046875,23.20561408996582
c920,559,19.312925681,green,27719,230.70065307617188,3054.258056640625,27.503326416015625
c920,560,19.348841725,ball_roi,551145,116.19120788574219,876.3141479492188,63.88059616088867
c920,560,19.348841725,red,22874,307.50335693359375,2071.139404296875,24.597354888916016
c920,560,19.348841725,green,25926,241.76748657226562,2985.679443359375,26.956932067871094
c920,561,19.380855888,ball_roi,551145,184.3654327392578,1254.5755615234375,64.34459686279297
c920,561,19.380855888,red,23468,368.2783508300781,2081.790771484375,22.163225173950195
c920,561,19.380855888,green,30166,568.9446411132812,4891.482421875,31.245363235473633
c920,562,19.41293118,ball_roi,551145,123.01686096191406,990.1307373046875,64.33673858642578
c920,562,19.41293118,red,18121,285.9042663574219,2154.39501953125,24.8482666015625
c920,562,19.41293118,green,28408,378.7677307128906,3785.412353515625,29.0828914642334
c920,563,19.444949843,ball_roi,551145,108.57109069824219,949.332275390625,63.97710037231445
c920,563,19.444949843,red,12953,394.6745910644531,2832.3115234375,23.30478858947754
c920,563,19.444949843,green,28183,333.2931213378906,3666.416259765625,29.10000991821289
c920,564,19.480877905,ball_roi,551145,216.29611206054688,1206.751708984375,64.02677154541016
c920,564,19.480877905,red,16191,609.9163818359375,3102.441162109375,23.177326202392578
c920,564,19.480877905,green,27810,568.7186889648438,4236.6611328125,29.025121688842773
c920,565,19.513166216,ball_roi,551145,115.06808471679688,945.15576171875,63.99425506591797
c920,565,19.513166216,red,21225,212.59083557128906,1272.7020263671875,19.58921241760254
c920,565,19.513166216,green,28273,306.677001953125,3430.02734375,28.447492599487305
c920,607,21.008951431,ball_roi,551145,157.80462646484375,1177.951171875,65.82170104980469
c920,607,21.008951431,red,23948,322.60418701171875,2172.478271484375,22.758752822875977
c920,607,21.008951431,green,23051,300.26007080078125,3691.986328125,24.374385833740234
c920,608,21.076957564,ball_roi,551145,254.3852996826172,1353.975341796875,66.09168243408203
c920,608,21.076957564,red,22320,385.222412109375,2935.068359375,29.37166976928711
c920,608,21.076957564,green,20671,577.5167846679688,3705.30078125,27.66103744506836
c920,609,21.108935115999998,ball_roi,551145,66.79009246826172,790.09521484375,65.33450317382812
c920,609,21.108935115999998,red,24502,106.06571197509766,2784.129638671875,32.963592529296875
c920,609,21.108935115999998,green,18986,110.5007095336914,1817.2733154296875,24.62729835510254
c920,610,21.140934723,ball_roi,551145,47.078887939453125,642.6421508789062,64.54473114013672
c920,610,21.140934723,red,23559,125.28124237060547,2089.143798828125,28.85468101501465
c920,610,21.140934723,green,16310,84.70860290527344,1586.3641357421875,22.39813995361328
c920,611,21.173007125999998,ball_roi,551145,60.38389205932617,637.3488159179688,65.22782897949219
c920,611,21.173007125999998,red,19321,89.71791076660156,2169.579833984375,30.688636779785156
c920,611,21.173007125999998,green,15268,68.51331329345703,1350.155517578125,20.478544235229492
c920,612,21.208944022,ball_roi,551145,39.42271041870117,538.2113647460938,64.4550552368164
c920,612,21.208944022,red,19450,63.67399597167969,987.624755859375,18.579330444335938
c920,612,21.208944022,green,15786,82.82635498046875,1547.4295654296875,21.972688674926758
c920,613,21.240943407,ball_roi,551145,44.79861831665039,502.0207824707031,64.93572235107422
c920,613,21.240943407,red,20009,34.10911178588867,558.2659912109375,18.964853286743164
c920,613,21.240943407,green,10581,71.52031707763672,1955.4212646484375,24.506071090698242
c920,614,21.273053329,ball_roi,551145,44.0585823059082,587.467529296875,64.90718078613281
c920,614,21.273053329,red,28921,41.8338623046875,715.3154907226562,24.283706665039062
c920,614,21.273053329,green,14882,116.74324035644531,1975.6220703125,23.096649169921875
c920,615,21.308946428,ball_roi,551145,66.65164184570312,697.8656005859375,65.33538055419922
c920,615,21.308946428,red,33686,53.82146072387695,1168.001953125,30.035057067871094
c920,615,21.308946428,green,17275,120.19071197509766,2303.446044921875,24.71230125427246
c920,616,21.340945832,ball_roi,551145,81.93285369873047,836.3090209960938,65.6383285522461
c920,616,21.340945832,red,34728,101.61039733886719,2253.1943359375,35.23622131347656
c920,616,21.340945832,green,17595,166.75961303710938,2661.336669921875,25.07124137878418
c920,617,21.373043030999998,ball_roi,551145,53.21314239501953,619.8139038085938,65.25130462646484
c920,617,21.373043030999998,red,29768,74.35713195800781,2117.761962890625,35.926048278808594
c920,617,21.373043030999998,green,14060,81.75517272949219,1987.80322265625,23.855491638183594
c920,618,21.408955204999998,ball_roi,551145,77.16088104248047,787.7719116210938,65.4193115234375
c920,618,21.408955204999998,red,34047,78.61573028564453,2156.225830078125,36.880706787109375
c920,618,21.408955204999998,green,17551,86.94856262207031,2000.469482421875,24.455543518066406
brio101,15,0.5106823460000001,ball_roi,733027,190.78671264648438,741.3298950195312,42.759029388427734
brio101,15,0.5106823460000001,red,63064,541.3004760742188,2358.793701171875,26.005298614501953
brio101,15,0.5106823460000001,green,25302,493.3948974609375,2492.247802734375,21.855266571044922
brio101,23,0.77869855,ball_roi,733027,192.53280639648438,744.8045654296875,42.76838302612305
brio101,23,0.77869855,red,62930,549.6735229492188,2352.073974609375,26.0098876953125
brio101,23,0.77869855,green,26583,476.8235778808594,2429.534912109375,22.392738342285156
brio101,30,1.0147363889999998,ball_roi,733027,190.6075439453125,739.8169555664062,42.763362884521484
brio101,30,1.0147363889999998,red,63003,545.0218505859375,2366.350830078125,26.045665740966797
brio101,30,1.0147363889999998,green,25013,465.58941650390625,2454.45947265625,21.63585662841797
brio101,31,1.046704866,ball_roi,733027,190.1671905517578,742.1196899414062,42.763916015625
brio101,31,1.046704866,red,62633,523.1076049804688,2325.74951171875,25.870481491088867
brio101,31,1.046704866,green,25521,487.614501953125,2567.8642578125,22.102859497070312
brio101,39,1.314735682,ball_roi,733027,189.24676513671875,741.725341796875,42.75835037231445
brio101,39,1.314735682,red,63017,528.8595581054688,2358.125244140625,26.06321907043457
brio101,39,1.314735682,green,25954,455.3790283203125,2422.380859375,22.235363006591797
brio101,47,1.584210199,ball_roi,733027,189.98370361328125,740.9925537109375,42.77200698852539
brio101,47,1.584210199,red,63555,563.3309326171875,2464.93505859375,26.49013900756836
brio101,47,1.584210199,green,25126,496.94036865234375,2556.742919921875,21.936105728149414
brio101,55,1.846805396,ball_roi,733027,189.8863983154297,739.4647216796875,42.7833366394043
brio101,55,1.846805396,red,63174,531.7191162109375,2375.789794921875,26.118865966796875
brio101,55,1.846805396,green,25228,487.1958923339844,2482.27783203125,21.891328811645508
brio101,63,2.114968267,ball_roi,733027,190.612548828125,742.8764038085938,42.79539489746094
brio101,63,2.114968267,red,63145,556.8441772460938,2420.13916015625,26.245264053344727
brio101,63,2.114968267,green,25567,478.1529846191406,2455.762939453125,22.086868286132812
brio101,71,2.384467284,ball_roi,733027,194.22402954101562,747.5761108398438,42.80141830444336
brio101,71,2.384467284,red,62956,551.1181640625,2377.008056640625,26.000324249267578
brio101,71,2.384467284,green,25446,465.0550537109375,2434.296630859375,21.745323181152344
brio101,329,11.003619943999999,ball_roi,733027,182.50650024414062,722.0177612304688,43.787986755371094
brio101,329,11.003619943999999,red,133836,355.06292724609375,1660.7608642578125,31.24724578857422
brio101,329,11.003619943999999,green,7878,424.3412780761719,2396.70068359375,35.06124496459961
brio101,330,11.039250488999999,ball_roi,733027,181.61849975585938,711.6871948242188,43.92363357543945
brio101,330,11.039250488999999,red,132321,345.67926025390625,1605.0103759765625,30.77834701538086
brio101,330,11.039250488999999,green,7696,393.79010009765625,2268.710693359375,34.753173828125
brio101,331,11.071215485,ball_roi,733027,161.92385864257812,650.874267578125,43.83982849121094
brio101,331,11.071215485,red,130619,291.552734375,1386.8447265625,29.753713607788086
brio101,331,11.071215485,green,5499,443.176025390625,2502.61181640625,31.677759170532227
brio101,332,11.104267849,ball_roi,733027,156.967041015625,623.0516967773438,43.64649963378906
brio101,332,11.104267849,red,131210,265.17169189453125,1268.720947265625,29.566747665405273
brio101,332,11.104267849,green,5299,570.3411254882812,2671.26806640625,33.93513870239258
brio101,333,11.140863966,ball_roi,733027,158.08775329589844,618.0001831054688,43.49087905883789
brio101,333,11.140863966,red,132526,283.6963195800781,1364.308349609375,30.318330764770508
brio101,333,11.140863966,green,4149,278.39398193359375,1726.6300048828125,33.15810012817383
brio101,334,11.171192169,ball_roi,733027,162.56590270996094,632.28515625,43.2451286315918
brio101,334,11.171192169,red,132780,289.9479675292969,1362.2576904296875,30.64018440246582
brio101,334,11.171192169,green,3750,401.49273681640625,1938.274658203125,29.91288185119629
brio101,335,11.204473163,ball_roi,733027,161.50433349609375,638.6985473632812,42.8324089050293
brio101,335,11.204473163,red,134885,292.8466796875,1410.07666015625,30.462766647338867
brio101,335,11.204473163,green,3499,270.3484191894531,1382.6104736328125,34.01477813720703
brio101,336,11.240270503,ball_roi,733027,160.67935180664062,627.786376953125,42.725345611572266
brio101,336,11.240270503,red,136435,290.2187805175781,1403.056396484375,30.732175827026367
brio101,336,11.240270503,green,3173,409.071533203125,1814.1083984375,31.979305267333984
brio101,337,11.271995148,ball_roi,733027,158.720947265625,604.909912109375,42.56360626220703
brio101,337,11.271995148,red,133493,286.48358154296875,1381.9068603515625,30.44573402404785
brio101,337,11.271995148,green,2952,263.8615417480469,1510.0792236328125,23.611284255981445
brio101,338,11.303257534,ball_roi,733027,154.42332458496094,612.6378784179688,42.30828094482422
brio101,338,11.303257534,red,130659,281.1138916015625,1390.72412109375,29.87511444091797
brio101,338,11.303257534,green,2827,652.4428100585938,3447.8974609375,34.08884811401367
brio101,339,11.339235133999999,ball_roi,733027,157.71847534179688,609.7437744140625,41.982872009277344
brio101,339,11.339235133999999,red,128810,304.86761474609375,1434.8724365234375,29.784006118774414
brio101,339,11.339235133999999,green,3302,474.74041748046875,2450.052734375,34.99182891845703
brio101,340,11.371257963,ball_roi,733027,158.6004638671875,619.0517578125,41.805973052978516
brio101,340,11.371257963,red,128063,320.4683837890625,1510.2119140625,29.80475425720215
brio101,340,11.371257963,green,3474,433.9463806152344,2091.2607421875,30.601224899291992
brio101,341,11.403656477,ball_roi,733027,156.95379638671875,621.4881591796875,41.46049880981445
brio101,341,11.403656477,red,127150,310.93682861328125,1539.2139892578125,29.560930252075195
brio101,341,11.403656477,green,1461,319.4385681152344,3355.063720703125,33.771114349365234
brio101,342,11.4392283,ball_roi,733027,156.86256408691406,617.6289672851562,41.2164192199707
brio101,342,11.4392283,red,125419,300.9256896972656,1464.63818359375,28.840410232543945
brio101,342,11.4392283,green,4750,453.50421142578125,2383.47119140625,26.96333885192871
brio101,343,11.471217554999999,ball_roi,733027,156.06175231933594,619.1018676757812,41.137229919433594
brio101,343,11.471217554999999,red,123934,306.1650085449219,1499.7730712890625,28.231647491455078
brio101,343,11.471217554999999,green,4949,371.4512939453125,2295.19384765625,24.567867279052734
brio101,344,11.503264366,ball_roi,733027,158.59091186523438,633.0884399414062,41.018192291259766
brio101,344,11.503264366,red,119652,317.27886962890625,1561.7418212890625,27.736940383911133
brio101,344,11.503264366,green,5122,301.7479553222656,1743.0894775390625,25.10359764099121
brio101,345,11.539294984,ball_roi,733027,155.84010314941406,618.8375854492188,41.054359436035156
brio101,345,11.539294984,red,113759,310.80230712890625,1526.47265625,27.762786865234375
brio101,345,11.539294984,green,6248,382.5022277832031,2107.85595703125,24.326576232910156
brio101,346,11.571242628,ball_roi,733027,159.24700927734375,630.3988037109375,41.017982482910156
brio101,346,11.571242628,red,111256,345.3015441894531,1649.7139892578125,28.113969802856445
brio101,346,11.571242628,green,5239,332.00439453125,2389.05810546875,26.05584144592285
brio101,347,11.607299227999999,ball_roi,733027,159.6831817626953,637.1357421875,41.09377670288086
brio101,347,11.607299227999999,red,109522,332.82708740234375,1640.6207275390625,28.500099182128906
brio101,347,11.607299227999999,green,8011,404.08453369140625,2159.141357421875,24.906185150146484
brio101,559,18.687581344999998,ball_roi,733027,150.67550659179688,536.1241455078125,41.284584045410156
brio101,559,18.687581344999998,red,114114,307.54034423828125,1468.5767822265625,29.154014587402344
brio101,559,18.687581344999998,green,10108,239.71279907226562,1692.9703369140625,30.575382232666016
brio101,560,18.724339851,ball_roi,733027,145.36573791503906,527.74951171875,41.47414016723633
brio101,560,18.724339851,red,108331,304.0549011230469,1448.0015869140625,28.584672927856445
brio101,560,18.724339851,green,15618,233.22976684570312,1442.688232421875,34.89849853515625
brio101,561,18.755574552,ball_roi,733027,155.74002075195312,586.8803100585938,41.563201904296875
brio101,561,18.755574552,red,101151,294.8429260253906,1391.881103515625,28.103946685791016
brio101,561,18.755574552,green,16576,235.13592529296875,1258.931640625,37.90092849731445
brio101,562,18.787572622,ball_roi,733027,159.77064514160156,609.050048828125,42.04308319091797
brio101,562,18.787572622,red,94572,300.96484375,1427.1663818359375,27.51693344116211
brio101,562,18.787572622,green,15614,280.38433837890625,1443.7899169921875,36.75520324707031
brio101,563,18.823935054,ball_roi,733027,163.0132293701172,607.4976196289062,42.86872863769531
brio101,563,18.823935054,red,88393,308.9999084472656,1481.8018798828125,26.693286895751953
brio101,563,18.823935054,green,21497,295.3566589355469,1472.671875,36.634090423583984
brio101,564,18.855612958,ball_roi,733027,168.1962890625,664.05810546875,44.09186935424805
brio101,564,18.855612958,red,82162,292.1126403808594,1407.629150390625,26.062850952148438
brio101,564,18.855612958,green,24290,254.50674438476562,1327.673583984375,37.39936065673828
brio101,565,18.887573232,ball_roi,733027,182.97999572753906,751.885498046875,45.45198059082031
brio101,565,18.887573232,red,75471,325.9967956542969,1578.843017578125,25.85862922668457
brio101,565,18.887573232,green,26701,249.46156311035156,1259.1240234375,34.94260025024414
brio101,566,18.923755404999998,ball_roi,733027,177.433349609375,696.0137329101562,46.0322265625
brio101,566,18.923755404999998,red,68132,329.70806884765625,1596.41162109375,25.67173957824707
brio101,566,18.923755404999998,green,30903,258.2668151855469,1313.552490234375,33.4634895324707
brio101,567,18.955590105,ball_roi,733027,169.98574829101562,657.2815551757812,45.943031311035156
brio101,567,18.955590105,red,62679,286.2966613769531,1384.31591796875,24.56467628479004
brio101,567,18.955590105,green,33782,266.30303955078125,1332.5482177734375,30.40906524658203
brio101,568,18.991796556,ball_roi,733027,171.2858123779297,646.059326171875,45.72203826904297
brio101,568,18.991796556,red,62560,237.2993927001953,1058.63623046875,23.021760940551758
brio101,568,18.991796556,green,39489,266.75518798828125,1312.5145263671875,33.04150390625
brio101,569,19.023634701,ball_roi,733027,169.56016540527344,637.9088745117188,45.524959564208984
brio101,569,19.023634701,red,61288,205.35658264160156,865.140869140625,21.76434326171875
brio101,569,19.023634701,green,38873,308.4659118652344,1492.2696533203125,32.53002166748047
brio101,570,19.055583882,ball_roi,733027,168.22291564941406,627.960693359375,45.563079833984375
brio101,570,19.055583882,red,61940,219.7874298095703,895.1263427734375,21.653942108154297
brio101,570,19.055583882,green,40887,297.6734924316406,1431.646240234375,34.202667236328125
brio101,571,19.091587908,ball_roi,733027,171.24253845214844,628.0971069335938,45.569541931152344
brio101,571,19.091587908,red,62314,188.44679260253906,687.8571166992188,20.591812133789062
brio101,571,19.091587908,green,38163,316.0191955566406,1502.85009765625,33.03473663330078
brio101,572,19.123604699999998,ball_roi,733027,169.08969116210938,614.0904541015625,45.49745559692383
brio101,572,19.123604699999998,red,61290,193.55931091308594,614.47900390625,20.065738677978516
brio101,572,19.123604699999998,green,38636,312.7945556640625,1448.3612060546875,33.489261627197266
brio101,573,19.15558914,ball_roi,733027,162.76914978027344,594.22314453125,45.28303909301758
brio101,573,19.15558914,red,61606,204.8999786376953,626.1217651367188,19.488174438476562
brio101,573,19.15558914,green,37593,305.9873352050781,1472.5703125,31.998445510864258
brio101,574,19.191632499,ball_roi,733027,156.63192749023438,578.937744140625,45.2520637512207
brio101,574,19.191632499,red,59400,192.75234985351562,523.7484130859375,19.551420211791992
brio101,574,19.191632499,green,38701,307.558349609375,1523.3013916015625,32.892784118652344
brio101,575,19.223624403,ball_roi,733027,156.3863525390625,568.1486206054688,45.2403564453125
brio101,575,19.223624403,red,55342,185.24668884277344,515.9946899414062,20.30984115600586
brio101,575,19.223624403,green,37647,309.0511474609375,1429.1998291015625,33.12096405029297
brio101,576,19.255582251,ball_roi,733027,159.77239990234375,589.4486694335938,44.997474670410156
brio101,576,19.255582251,red,51316,193.91302490234375,511.9465637207031,20.097766876220703
brio101,576,19.255582251,green,34993,309.4255676269531,1479.8643798828125,32.2120361328125
brio101,577,19.291588535,ball_roi,733027,163.6156005859375,605.5165405273438,44.93234634399414
brio101,577,19.291588535,red,47940,222.77818298339844,599.88037109375,19.148351669311523
brio101,577,19.291588535,green,34401,315.4991149902344,1522.8634033203125,30.97053337097168
brio101,578,19.32386766,ball_roi,733027,162.0706024169922,602.3668823242188,45.11960983276367
brio101,578,19.32386766,red,57406,184.01522827148438,500.25494384765625,20.257465362548828
brio101,578,19.32386766,green,34710,330.8004150390625,1579.8563232421875,31.255056381225586
brio101,579,19.35560662,ball_roi,733027,158.88633728027344,597.0333862304688,45.06815719604492
brio101,579,19.35560662,red,57489,184.70501708984375,527.0567016601562,19.466663360595703
brio101,579,19.35560662,green,35574,319.30548095703125,1628.0050048828125,31.196521759033203
brio101,580,19.391593201,ball_roi,733027,161.0773468017578,595.9808959960938,45.228965759277344
brio101,580,19.391593201,red,67309,181.01531982421875,447.3235778808594,18.5789852142334
brio101,580,19.391593201,green,36229,323.0084228515625,1572.6123046875,32.390316009521484
brio101,581,19.423609623,ball_roi,733027,164.09591674804688,605.5792236328125,45.10637664794922
brio101,581,19.423609623,red,71910,168.76580810546875,415.77313232421875,18.88685417175293
brio101,581,19.423609623,green,35063,320.3206787109375,1559.270751953125,31.14185333251953
brio101,582,19.455587341,ball_roi,733027,163.94017028808594,608.5593872070312,44.8486328125
brio101,582,19.455587341,red,65909,180.5184783935547,444.56591796875,18.991636276245117
brio101,582,19.455587341,green,34631,324.74072265625,1630.701416015625,30.10216522216797
brio101,583,19.491617903999998,ball_roi,733027,161.60101318359375,607.052001953125,44.88819122314453
brio101,583,19.491617903999998,red,62902,191.147705078125,502.0467529296875,19.143247604370117
brio101,583,19.491617903999998,green,35260,311.4176025390625,1484.0286865234375,31.609088897705078
brio101,629,21.028477302,ball_roi,733027,158.6967010498047,629.0655517578125,44.08222579956055
brio101,629,21.028477302,red,44290,206.7300262451172,884.673583984375,20.138935089111328
brio101,629,21.028477302,green,43032,315.71270751953125,1581.993896484375,29.26768684387207
brio101,630,21.059825781,ball_roi,733027,154.93309020996094,617.182373046875,43.8050422668457
brio101,630,21.059825781,red,40619,235.24826049804688,1014.5545654296875,21.210519790649414
brio101,630,21.059825781,green,41807,304.684326171875,1498.402099609375,26.114276885986328
brio101,631,21.095686177,ball_roi,733027,143.86207580566406,581.3565673828125,42.8962516784668
brio101,631,21.095686177,red,36209,319.5673828125,1503.50341796875,22.186330795288086
brio101,631,21.095686177,green,44604,247.69285583496094,1262.5191650390625,27.60196876525879
brio101,632,21.127668229,ball_roi,733027,138.0382843017578,536.8590087890625,41.9293327331543
brio101,632,21.127668229,red,32338,248.693359375,1095.8951416015625,20.763629913330078
brio101,632,21.127668229,green,49043,263.4082336425781,1293.7789306640625,26.964771270751953
brio101,633,21.160397038,ball_roi,733027,127.67054748535156,470.68389892578125,40.973175048828125
brio101,633,21.160397038,red,24316,201.6079559326172,719.69287109375,17.396385192871094
brio101,633,21.160397038,green,54600,250.5843048095703,1322.1812744140625,27.475116729736328
brio101,634,21.195665824,ball_roi,733027,123.14981842041016,445.27978515625,40.25263214111328
brio101,634,21.195665824,red,21891,182.97463989257812,512.2996826171875,14.33791446685791
brio101,634,21.195665824,green,57198,230.21705627441406,1139.92041015625,25.666343688964844
brio101,635,21.227692839,ball_roi,733027,125.61500549316406,445.8841552734375,40.05790328979492
brio101,635,21.227692839,red,16782,215.6487274169922,749.4509887695312,16.639108657836914
brio101,635,21.227692839,green,63468,235.40321350097656,1194.7711181640625,25.681663513183594
brio101,636,21.26371842,ball_roi,733027,126.97147369384766,462.6958312988281,39.76453399658203
brio101,636,21.26371842,red,15182,206.94546508789062,737.5675048828125,17.68598175048828
brio101,636,21.26371842,green,66928,244.26170349121094,1183.4058837890625,25.194374084472656
brio101,637,21.295695305,ball_roi,733027,134.23123168945312,491.121826171875,39.63985061645508
brio101,637,21.295695305,red,12111,210.57794189453125,1006.5576782226562,18.84800148010254
brio101,637,21.295695305,green,72876,257.36669921875,1259.7115478515625,25.396400451660156
brio101,638,21.327657245,ball_roi,733027,136.52565002441406,501.63360595703125,39.510005950927734
brio101,638,21.327657245,red,8752,266.4351501464844,1240.8624267578125,20.804494857788086
brio101,638,21.327657245,green,78062,266.17974853515625,1329.9254150390625,26.30661392211914
brio101,639,21.36373003,ball_roi,733027,139.28408813476562,513.9472045898438,39.524803161621094
brio101,639,21.36373003,red,6362,297.550048828125,1744.471923828125,22.461990356445312
brio101,639,21.36373003,green,77635,288.50689697265625,1384.9498291015625,26.360660552978516
brio101,640,21.395683063,ball_roi,733027,139.3590850830078,513.6990966796875,39.56216049194336
brio101,640,21.395683063,red,5520,277.1559753417969,1263.2572021484375,21.740873336791992
brio101,640,21.395683063,green,76287,291.040771484375,1370.7998046875,25.799541473388672
